date,location_id,water_level_m,rainfall_mm
2024-01-01,loc_001,3.7852638792821516,0.9571334618847205
2024-01-02,loc_001,3.6013295152023783,0.0
2024-01-03,loc_001,3.7087542982837656,0.9398591867411437
2024-01-04,loc_001,3.9186968920430023,0.0
2024-01-05,loc_001,3.883291457007431,24.977603132696057
2024-01-06,loc_001,3.4771303549554604,0.0
2024-01-07,loc_001,3.7867629165080614,9.512068280590473
2024-01-08,loc_001,3.642030945291263,0.0
2024-01-09,loc_001,3.6696877570281035,4.1652520680424585
2024-01-10,loc_001,3.767141548308529,0.0
2024-01-11,loc_001,3.7474785874860244,0.0
2024-01-12,loc_001,3.9642664258867892,0.0
2024-01-13,loc_001,3.880461474377048,19.03988922993647
2024-01-14,loc_001,3.8046585716810646,3.9360926215232643
2024-01-15,loc_001,3.8730034390512382,0.0
2024-01-16,loc_001,3.8764009381470665,9.446295712662984
2024-01-17,loc_001,4.070290780430372,5.082794516530395
2024-01-18,loc_001,3.8351317300226766,10.760270074733223
2024-01-19,loc_001,3.9324837492784726,0.0
2024-01-20,loc_001,3.7769131186176774,7.428831235696011
2024-01-21,loc_001,3.541462874236534,11.181558696819053
2024-01-22,loc_001,4.041712240784862,0.0
2024-01-23,loc_001,4.092461517321254,8.5855622753865
2024-01-24,loc_001,3.8704608339862014,18.569452582625285
2024-01-25,loc_001,4.341095516732921,4.881138373162378
2024-01-26,loc_001,3.8011758598707024,11.57124749619849
2024-01-27,loc_001,4.04473898768371,10.36456360248728
2024-01-28,loc_001,4.028182747579547,0.0
2024-01-29,loc_001,4.304397490292715,5.318133876691961
2024-01-30,loc_001,4.312934475677015,0.0
2024-01-31,loc_001,4.133647246477063,1.389575703179791
2024-02-01,loc_001,4.184823106778986,7.125503799729888
2024-02-02,loc_001,4.012438343701443,10.784803949902386
2024-02-03,loc_001,3.8658029055675542,5.1968970019832925
2024-02-04,loc_001,4.127855285150418,10.759869841145324
2024-02-05,loc_001,4.220412673510158,0.0
2024-02-06,loc_001,4.398215626462074,4.186421803561027
2024-02-07,loc_001,4.410529221455813,5.154235076104618
2024-02-08,loc_001,4.188357075517848,19.796729973437092
2024-02-09,loc_001,4.2171733484819125,3.286666750399326
2024-02-10,loc_001,4.121072528481914,1.007866896046537
2024-02-11,loc_001,4.080958851313889,5.170809790748389
2024-02-12,loc_001,4.053391814005783,0.0
2024-02-13,loc_001,4.617079629953168,6.54203079252173
2024-02-14,loc_001,4.262902165199228,2.0795582676299387
2024-02-15,loc_001,4.288276801496452,0.0
2024-02-16,loc_001,4.180453541947606,4.531307590929114
2024-02-17,loc_001,4.499123980931569,2.459655248558406
2024-02-18,loc_001,4.154281828102174,0.0
2024-02-19,loc_001,4.37805592814218,4.462926763083826
2024-02-20,loc_001,4.288977808081674,16.914847696595842
2024-02-21,loc_001,4.494390395963819,9.17042998620571
2024-02-22,loc_001,4.372514017472802,9.895417541849262
2024-02-23,loc_001,4.28453847819125,0.0
2024-02-24,loc_001,4.469619536558035,8.815186951377779
2024-02-25,loc_001,4.55002164454246,6.187596651040625
2024-02-26,loc_001,4.507382334996445,9.232361906675454
2024-02-27,loc_001,4.554112871422341,8.381028973670606
2024-02-28,loc_001,4.424632195780889,0.0
2024-02-29,loc_001,4.476105575032892,4.668793507536261
2024-03-01,loc_001,4.440078558509123,0.0
2024-03-02,loc_001,4.49713707194201,4.599327245721423
2024-03-03,loc_001,4.4389090696253675,0.0
2024-03-04,loc_001,4.3114352254017065,15.49976293712797
2024-03-05,loc_001,4.6061709649207545,0.0
2024-03-06,loc_001,4.528149434931923,0.0
2024-03-07,loc_001,4.352423833777494,5.596691252348428
2024-03-08,loc_001,4.674582883588827,0.0
2024-03-09,loc_001,4.4769552656375495,1.6026935805370743
2024-03-10,loc_001,4.62839648395693,0.0
2024-03-11,loc_001,4.737190853856905,16.289376511116892
2024-03-12,loc_001,4.654063101526183,11.28643061464938
2024-03-13,loc_001,4.812177922235679,4.540243852276843
2024-03-14,loc_001,4.462257918857238,1.87026358260787
2024-03-15,loc_001,4.713706986823394,12.527340916600906
2024-03-16,loc_001,4.556166411544779,8.241632642583104
2024-03-17,loc_001,4.533457133844527,8.984419237462854
2024-03-18,loc_001,4.582093096492242,4.790462101245996
2024-03-19,loc_001,4.626685129987682,0.0
2024-03-20,loc_001,4.685992565660393,4.100272139523578
2024-03-21,loc_001,4.506596103985007,0.7400806463274581
2024-03-22,loc_001,4.819943303915911,10.160442187679015
2024-03-23,loc_001,4.757768360064392,13.094739463953513
2024-03-24,loc_001,4.4602300983599354,0.0
2024-03-25,loc_001,4.916299317342082,8.747081874216413
2024-03-26,loc_001,4.979486171781202,18.887031981485706
2024-03-27,loc_001,4.873606903403735,0.0
2024-03-28,loc_001,4.6711337800148245,18.455373920585103
2024-03-29,loc_001,4.538487120261039,0.0
2024-03-30,loc_001,4.857889961415539,5.183678044863612
2024-03-31,loc_001,4.639512345637452,4.91083510526527
2024-04-01,loc_001,4.88326675094305,5.091991198960499
2024-04-02,loc_001,4.730696783536358,0.0
2024-04-03,loc_001,4.845151514174597,0.27053516988456217
2024-04-04,loc_001,4.750955552614631,0.0
2024-04-05,loc_001,4.801976657333796,7.615700763235659
2024-04-06,loc_001,4.695701376428961,7.640280916082493
2024-04-07,loc_001,4.959788793206773,22.80755465390607
2024-04-08,loc_001,4.708373690697688,15.967912050328971
2024-04-09,loc_001,4.746711512795513,0.9212540628921673
2024-04-10,loc_001,4.965610384515035,7.598956926369489
2024-04-11,loc_001,4.477348003204612,12.976943846334077
2024-04-12,loc_001,4.484963680201728,5.244814594708142
2024-04-13,loc_001,4.816622166982544,4.442867372424516
2024-04-14,loc_001,4.49057332518775,5.412599542159112
2024-04-15,loc_001,4.953068517476271,11.938213030467423
2024-04-16,loc_001,4.594121811163016,0.0
2024-04-17,loc_001,4.538343158668642,2.3946442494386067
2024-04-18,loc_001,4.932858499928592,8.763465158771854
2024-04-19,loc_001,4.8601111147297695,7.491576572433244
2024-04-20,loc_001,4.91144721613249,6.916662078851131
2024-04-21,loc_001,4.760164314295825,2.0415906695695742
2024-04-22,loc_001,4.4876848644873695,12.780286313140294
2024-04-23,loc_001,4.895658609596566,22.0709459776363
2024-04-24,loc_001,4.560899845628565,8.251323949409649
2024-04-25,loc_001,4.713094015482518,3.454586387601281
2024-04-26,loc_001,4.726114757955683,11.04592231115634
2024-04-27,loc_001,4.5517556349182655,0.6869389059760804
2024-04-28,loc_001,4.657780692707304,0.0
2024-04-29,loc_001,4.694345645503222,5.262469980909694
2024-04-30,loc_001,4.602511412124531,0.0
2024-05-01,loc_001,4.370860435072264,0.0
2024-05-02,loc_001,4.569922329830701,2.2163051526332334
2024-05-03,loc_001,4.713256753326731,0.0
2024-05-04,loc_001,4.398925396342659,0.0
2024-05-05,loc_001,4.46917985741954,1.5060133003359408
2024-05-06,loc_001,4.414572628976854,0.0
2024-05-07,loc_001,4.7451654948570345,1.7514256299213447
2024-05-08,loc_001,4.5562636500910045,0.7178386837372441
2024-05-09,loc_001,4.5038991015306244,5.203241667080128
2024-05-10,loc_001,4.314373438473651,14.233472243952153
2024-05-11,loc_001,4.497553714042424,6.380035331942928
2024-05-12,loc_001,4.3020502939398035,5.168496170736509
2024-05-13,loc_001,4.394240996759468,5.795635656245694
2024-05-14,loc_001,4.280092153146954,6.8191422009690275
2024-05-15,loc_001,4.462677290653129,0.0
2024-05-16,loc_001,4.433188954620855,4.081797401833614
2024-05-17,loc_001,4.300692658927674,7.470009934692905
2024-05-18,loc_001,4.3763290982716665,0.0
2024-05-19,loc_001,4.1377174107466645,11.925223382526827
2024-05-20,loc_001,4.062498989745061,13.651008275665518
2024-05-21,loc_001,4.336374411073558,0.0
2024-05-22,loc_001,4.2795164018208816,3.069297668375164
2024-05-23,loc_001,4.333596235489809,0.0
2024-05-24,loc_001,4.579420592099499,10.595043868702536
2024-05-25,loc_001,4.34701422579953,0.0
2024-05-26,loc_001,4.051603387668567,3.2201839180566374
2024-05-27,loc_001,4.33905955810659,0.0
2024-05-28,loc_001,3.9569024146720535,5.407634216090316
2024-05-29,loc_001,4.067638367072114,0.0
2024-05-30,loc_001,4.109038628420329,15.611693138925547
2024-05-31,loc_001,4.358491584382335,0.0
2024-06-01,loc_001,3.9718140252231624,5.479157464930209
2024-06-02,loc_001,3.9414256284097844,3.2998156418375264
2024-06-03,loc_001,4.032320153546336,0.0
2024-06-04,loc_001,3.929100798266278,0.0
2024-06-05,loc_001,4.178995796279441,12.491188348419676
2024-06-06,loc_001,3.8292374243242326,0.7948752551844827
2024-06-07,loc_001,3.800188034126095,7.169361477098487
2024-06-08,loc_001,3.8875765515330927,0.0
2024-06-09,loc_001,3.8593516092718754,0.0
2024-06-10,loc_001,4.204164583277428,8.77797720070279
2024-06-11,loc_001,4.0377032997083,12.44326796888893
2024-06-12,loc_001,3.8888611353307705,3.5974687813838404
2024-06-13,loc_001,3.672240055303663,0.0
2024-06-14,loc_001,3.962931256699292,20.983648638000037
2024-06-15,loc_001,3.6663662891651745,0.0
2024-06-16,loc_001,3.5647109520604814,0.0
2024-06-17,loc_001,3.95457127312958,25.755396702145216
2024-06-18,loc_001,3.803766490316483,1.7677416491925029
2024-06-19,loc_001,3.874136291319415,0.0
2024-06-20,loc_001,3.763529050812128,0.0
2024-06-21,loc_001,3.8238930073116246,7.940359168178152
2024-06-22,loc_001,3.5773051973088275,6.522492460751518
2024-06-23,loc_001,3.499361386675427,0.0
2024-06-24,loc_001,3.7362299862882775,19.581788801023677
2024-06-25,loc_001,3.4929326501545637,0.827362576053015
2024-06-26,loc_001,3.4894313084176254,0.0
2024-06-27,loc_001,3.50392605731135,12.685547187685277
2024-06-28,loc_001,3.554248553459195,15.632502772317459
2024-06-29,loc_001,3.477883041584537,0.0
2024-06-30,loc_001,3.3040857022537233,0.0
2024-07-01,loc_001,3.39312884330864,13.243506139324838
2024-07-02,loc_001,3.1355073988937763,0.0
2024-07-03,loc_001,3.5421580380486417,0.0
2024-07-04,loc_001,3.1874354188200367,12.739569200401881
2024-07-05,loc_001,3.2414787240055767,4.557179615820884
2024-07-06,loc_001,3.394380662108507,2.888501211258497
2024-07-07,loc_001,3.2550747419952697,7.822532851955026
2024-07-08,loc_001,3.5769543763679135,3.7778046116367303
2024-07-09,loc_001,3.1311124272376336,0.0
2024-07-10,loc_001,3.3446892148761576,15.2086027680495
2024-07-11,loc_001,3.278387674395201,15.600112423094522
2024-07-12,loc_001,3.088778507586529,6.642660510223678
2024-07-13,loc_001,3.322266400552008,5.361072123456082
2024-07-14,loc_001,3.1979012460399283,23.716998448160464
2024-07-15,loc_001,3.3193419661049273,2.7885372398733024
2024-07-16,loc_001,3.307127031820951,2.9233841453276845
2024-07-17,loc_001,3.488208582153044,7.915849993924045
2024-07-18,loc_001,3.3444238092872705,16.770575649138706
2024-07-19,loc_001,3.068894275185642,17.74216603533987
2024-07-20,loc_001,3.068802944694175,2.93141894658583
2024-07-21,loc_001,3.2502141641781868,7.466649967674762
2024-07-22,loc_001,3.1642330827326686,0.0
2024-07-23,loc_001,3.1427701706698814,2.5041911366702965
2024-07-24,loc_001,2.7851482613656144,0.0
2024-07-25,loc_001,3.005123930761414,0.0
2024-07-26,loc_001,2.879294955655682,18.452613730138623
2024-07-27,loc_001,3.013366148635892,0.0
2024-07-28,loc_001,2.9381894093434062,0.7471527359083607
2024-07-29,loc_001,3.0711354270052524,7.926790303334865
2024-07-30,loc_001,2.9640554837482678,15.382602135788684
2024-07-31,loc_001,3.0164590181814157,8.848921011110683
2024-08-01,loc_001,2.8107622662705856,27.074840912172657
2024-08-02,loc_001,2.7214570038179424,4.4026561739908034
2024-08-03,loc_001,2.7842040197708364,7.069731521837968
2024-08-04,loc_001,2.8259398230285715,7.204805391872451
2024-08-05,loc_001,2.8683460388480726,16.480395094313238
2024-08-06,loc_001,3.13355403985266,9.057911608876921
2024-08-07,loc_001,2.771712551380997,4.070162396902807
2024-08-08,loc_001,2.6182667299700904,0.0
2024-08-09,loc_001,2.6935873561300907,6.955547647693061
2024-08-10,loc_001,2.6599949479192095,16.210758650335677
2024-08-11,loc_001,2.7860345924151173,1.7169456507370353
2024-08-12,loc_001,2.467203810777066,9.231548947332659
2024-08-13,loc_001,2.69256120775763,6.969182309478754
2024-08-14,loc_001,2.6915385084304333,11.908157267050516
2024-08-15,loc_001,2.688126823301428,0.0
2024-08-16,loc_001,2.549190293244042,23.773176244212493
2024-08-17,loc_001,2.588842675635814,0.0
2024-08-18,loc_001,2.3969244506343057,2.0755912801117016
2024-08-19,loc_001,2.5228018244572605,12.504740327245164
2024-08-20,loc_001,2.501904443248841,7.373865379952907
2024-08-21,loc_001,2.6325466572987652,11.639889272648826
2024-08-22,loc_001,2.3837928091322556,1.031181328139501
2024-08-23,loc_001,2.661760278717361,4.401560138557271
2024-08-24,loc_001,2.756396746088572,5.097855869110539
2024-08-25,loc_001,2.2096565845128713,17.554076916287237
2024-08-26,loc_001,2.572313771148024,10.523432195064391
2024-08-27,loc_001,2.5984256299521733,11.373376866917372
2024-08-28,loc_001,2.3900855773434904,0.0
2024-08-29,loc_001,2.4152226241508883,12.751061108504405
2024-08-30,loc_001,2.444297359702063,6.804653308550428
2024-08-31,loc_001,2.409283785638555,16.11316252542342
2024-09-01,loc_001,2.397633409874689,21.112481239347744
2024-09-02,loc_001,2.182930641895112,2.5458737917839636
2024-09-03,loc_001,2.5978425858355774,1.7495749564394996
2024-09-04,loc_001,2.577915826015902,0.0
2024-09-05,loc_001,2.28526980500631,3.8513639062694356
2024-09-06,loc_001,2.178935999558351,1.9437964083969312
2024-09-07,loc_001,2.469010864836202,7.876035196568081
2024-09-08,loc_001,2.296763087282465,3.8434654645301123
2024-09-09,loc_001,2.397035358943599,2.1072057537470417
2024-09-10,loc_001,2.320787365359731,13.516681089022814
2024-09-11,loc_001,2.465696916645922,0.0
2024-09-12,loc_001,2.4597951755918666,8.46486362521075
2024-09-13,loc_001,2.2406990128457065,1.7524661824921326
2024-09-14,loc_001,2.1363307484137635,10.794948038959715
2024-09-15,loc_001,2.1010339007708607,16.082092373777844
2024-09-16,loc_001,2.4250150709112073,2.5752139726074184
2024-09-17,loc_001,2.1504584505735536,8.528263258185211
2024-09-18,loc_001,2.248441116880609,6.430342925865439
2024-09-19,loc_001,2.2310410318564453,0.0
2024-09-20,loc_001,2.3089771256029716,6.926300077935507
2024-09-21,loc_001,2.023144920844216,7.312964042230497
2024-09-22,loc_001,2.338979912726929,8.302966563569397
2024-09-23,loc_001,2.386675434454234,3.412808825439634
2024-09-24,loc_001,2.319136939735862,5.753538402481173
2024-09-25,loc_001,2.2573763921402255,0.0
2024-09-26,loc_001,2.317109431901847,2.135087396161146
2024-09-27,loc_001,2.3612012931439796,9.447701437678383
2024-09-28,loc_001,1.8846555497111739,12.139791098652243
2024-09-29,loc_001,2.5934868558519186,1.6214814069978343
2024-09-30,loc_001,2.3585251107197607,5.837712235466275
2024-10-01,loc_001,2.202416510266078,6.824426600992537
2024-10-02,loc_001,2.2422569802342394,6.6118395736354625
2024-10-03,loc_001,2.3759387612157012,9.32618868240312
2024-10-04,loc_001,2.2857944414150584,0.0
2024-10-05,loc_001,2.0002945344561613,4.6054074388194195
2024-10-06,loc_001,2.6166124409311555,6.912268809974119
2024-10-07,loc_001,2.2927522501136104,0.0
2024-10-08,loc_001,2.4651069126525464,18.39188565608568
2024-10-09,loc_001,2.211373191959558,6.2924741379053435
2024-10-10,loc_001,2.549087978034359,17.507237960231436
2024-10-11,loc_001,2.3653837890079106,0.0
2024-10-12,loc_001,2.4179085653645296,0.0
2024-10-13,loc_001,2.174291448871052,6.794017767725455
2024-10-14,loc_001,2.5175950872305966,0.0
2024-10-15,loc_001,2.4445847994943923,6.719724725008748
2024-10-16,loc_001,2.5419211937879886,5.777753856023344
2024-10-17,loc_001,2.2583050741434767,13.12532225233681
2024-10-18,loc_001,2.2865781126766973,10.608330729320777
2024-10-19,loc_001,2.71087183974002,1.660181200919728
2024-10-20,loc_001,2.2131703570614936,0.0
2024-10-21,loc_001,2.3590028703107415,18.69844177074637
2024-10-22,loc_001,2.5574836840953683,0.0
2024-10-23,loc_001,2.4094931998972666,0.0
2024-10-24,loc_001,2.490489466140593,0.0
2024-10-25,loc_001,2.3516660702474055,13.938442524293317
2024-10-26,loc_001,2.4759513395944355,0.8487983646011834
2024-10-27,loc_001,2.2336433564882445,0.0
2024-10-28,loc_001,2.6878385900106916,6.101518607226779
2024-10-29,loc_001,2.4312053470576234,3.344442315541672
2024-10-30,loc_001,2.3570256437249557,0.0
2024-10-31,loc_001,2.569440712373823,11.031931735827836
2024-11-01,loc_001,2.4111115220586834,13.522523936783958
2024-11-02,loc_001,2.291119142528213,12.882540071518935
2024-11-03,loc_001,2.3005876224913964,11.135357357289593
2024-11-04,loc_001,2.6182941089406224,8.22100424904028
2024-11-05,loc_001,2.502217113469227,0.0
2024-11-06,loc_001,2.518311460240122,18.35400645101575
2024-11-07,loc_001,2.7125267827883066,7.415913682860424
2024-11-08,loc_001,2.3946211074015578,9.865251420805132
2024-11-09,loc_001,2.4671005448095507,13.919698583579217
2024-11-10,loc_001,2.532301058448534,16.466820023055934
2024-11-11,loc_001,2.617786233161694,8.34718409047354
2024-11-12,loc_001,2.61117385474963,8.484369274365228
2024-11-13,loc_001,2.588594075186418,0.2062057803222448
2024-11-14,loc_001,2.6367680929475226,5.264718009110082
2024-11-15,loc_001,2.644554216094347,0.0
2024-11-16,loc_001,2.567596021048831,0.0
2024-11-17,loc_001,2.5687187091173533,0.0
2024-11-18,loc_001,2.747215911767857,3.751808872021701
2024-11-19,loc_001,2.5880072643086924,13.392745503360082
2024-11-20,loc_001,2.563877950053159,30.367798186321437
2024-11-21,loc_001,2.7067000642021046,6.5159971003833075
2024-11-22,loc_001,2.7461777034372763,0.0
2024-11-23,loc_001,3.1248365002418153,15.119866638850048
2024-11-24,loc_001,2.6973346304770036,2.593728988191783
2024-11-25,loc_001,2.961447001196083,0.0
2024-11-26,loc_001,2.949155874329551,6.678795823384442
2024-11-27,loc_001,2.67605205087348,0.0
2024-11-28,loc_001,2.98788921777173,6.779705312068854
2024-11-29,loc_001,2.7120127713484763,4.29299581440676
2024-11-30,loc_001,2.5085935041085157,5.787023254523805
2024-12-01,loc_001,3.0164673205149604,8.051330033673366
2024-12-02,loc_001,2.6803560874009205,5.539938057926454
2024-12-03,loc_001,3.029764959182394,5.13070467290314
2024-12-04,loc_001,2.878067654278899,7.274516151983557
2024-12-05,loc_001,3.2483002962937007,8.323205009369016
2024-12-06,loc_001,3.1784908228502338,0.0
2024-12-07,loc_001,2.969196041929963,0.0
2024-12-08,loc_001,2.9531549068768896,4.506895582622282
2024-12-09,loc_001,2.893477042924235,0.0
2024-12-10,loc_001,3.0288341256431752,5.700251767373367
2024-12-11,loc_001,3.0724230816914853,12.50997500545848
2024-12-12,loc_001,3.0793904987537,9.856893375328367
2024-12-13,loc_001,3.1773266588341236,0.0
2024-12-14,loc_001,3.2604284356184046,0.0
2024-12-15,loc_001,3.2460242144095517,7.626410360006043
2024-12-16,loc_001,3.098971092206894,1.7896175589319196
2024-12-17,loc_001,3.018025463324764,2.4667576395831445
2024-12-18,loc_001,3.458554377373028,9.775251849983631
2024-12-19,loc_001,3.1707105705056158,0.0
2024-12-20,loc_001,3.196604186991974,1.7901223207105406
2024-12-21,loc_001,3.236651018357696,0.0
2024-12-22,loc_001,3.0588050409405847,0.0
2024-12-23,loc_001,3.284054245514704,0.0
2024-12-24,loc_001,3.3043295909618853,10.419697354771294
2024-12-25,loc_001,3.489895986266591,5.414563115859372
2024-12-26,loc_001,3.5222056602033165,0.0
2024-12-27,loc_001,3.438622032695035,3.151187139256028
2024-12-28,loc_001,3.5984713221698508,0.0
2024-12-29,loc_001,3.5303387201831873,0.0
2024-12-30,loc_001,3.497647683259616,22.196596278938294
2024-12-31,loc_001,3.5447952526317352,4.278049202673995
2025-01-01,loc_001,3.4920580033497917,10.853271416243139
2025-01-02,loc_001,3.4820785068422775,4.476092998844136
2025-01-03,loc_001,3.5217835701338096,7.785353881934469
2025-01-04,loc_001,3.4133612124422825,10.306064717433392
2025-01-05,loc_001,3.64522401428238,0.0
2025-01-06,loc_001,3.4747534952974846,4.752509941808328
2025-01-07,loc_001,3.7704943434902685,17.630921555331906
2025-01-08,loc_001,3.627315739511775,0.0
2025-01-09,loc_001,3.6925948320446507,0.4684811701422458
2025-01-10,loc_001,3.7796272894599166,2.538469781063986
2025-01-11,loc_001,3.822369221571332,7.152192585409973
2025-01-12,loc_001,3.510531888547325,9.199342909167061
2025-01-13,loc_001,3.7352702641804028,15.139293238549254
2025-01-14,loc_001,3.9184341560192575,8.995985867749276
2025-01-15,loc_001,3.5517080812245863,4.503574993613328
2025-01-16,loc_001,3.884441860350186,15.07333703688651
2025-01-17,loc_001,3.5078442850464024,10.632888177132656
2025-01-18,loc_001,3.7125294430422064,0.0
2025-01-19,loc_001,3.8913181768068656,25.210945922847987
2025-01-20,loc_001,3.656520214164643,19.159371105573868
2025-01-21,loc_001,3.776584735959023,3.6542862178634072
2025-01-22,loc_001,3.7228942003492698,8.0232808139078
2025-01-23,loc_001,4.210016327323462,15.594869999966713
2025-01-24,loc_001,4.006419750370267,3.622393658424939
2025-01-25,loc_001,4.08572586481268,10.842814323016155
2025-01-26,loc_001,3.985929445983244,13.836627788571812
2025-01-27,loc_001,3.984860447774913,0.0
2025-01-28,loc_001,3.8137891967857667,0.18134517133710304
2025-01-29,loc_001,4.030705003726767,12.371267182484651
2025-01-30,loc_001,3.9783068284202288,8.686515817190644
2025-01-31,loc_001,4.239093721266376,12.390372482511575
2025-02-01,loc_001,4.299264008837296,3.9394558827702557
2025-02-02,loc_001,4.365593013182086,2.687958312366136
2025-02-03,loc_001,4.290805166720328,0.0
2025-02-04,loc_001,4.090244017010893,0.0
2025-02-05,loc_001,4.029575780250502,5.376528757267949
2025-02-06,loc_001,4.328671501599679,11.596457756513892
2025-02-07,loc_001,4.2836161667589945,9.249426932285562
2025-02-08,loc_001,3.9811753305274866,3.974064207778384
2025-02-09,loc_001,4.3158410299797785,2.8258274680744266
2025-02-10,loc_001,4.4005334466151576,6.737437061106241
2025-02-11,loc_001,4.302800380267979,5.6256894487372175
2025-02-12,loc_001,4.281574291948134,16.236364119517695
2025-02-13,loc_001,4.203316047525947,6.171526163825999
2025-02-14,loc_001,4.122369787527468,0.0
2025-02-15,loc_001,4.474032639139134,0.0
2025-02-16,loc_001,4.322005679239339,17.15007469570864
2025-02-17,loc_001,4.347480428325229,0.0
2025-02-18,loc_001,4.656274683273736,11.115979624268268
2025-02-19,loc_001,4.512642136203153,2.8530181183249503
2025-02-20,loc_001,4.47892154245289,3.641933648780116
2025-02-21,loc_001,4.457664292063016,3.926937737852639
2025-02-22,loc_001,4.677134017222999,14.771079675673587
2025-02-23,loc_001,4.719571701922041,3.4572653716482824
2025-02-24,loc_001,4.613272637530763,4.733445737238776
2025-02-25,loc_001,4.573105552672586,0.0
2025-02-26,loc_001,4.183214290958047,6.653524093664027
2025-02-27,loc_001,4.5273003738963995,9.248340055824478
2025-02-28,loc_001,4.500264466703978,6.913164645230296
2025-03-01,loc_001,4.544609734338798,16.183170088693885
2025-03-02,loc_001,4.682404538773894,5.441370838241854
2025-03-03,loc_001,4.140118471094658,7.391819648952141
2025-03-04,loc_001,4.475484203911508,18.188032082145433
2025-03-05,loc_001,4.610863268992572,0.0
2025-03-06,loc_001,4.509530211674777,1.3533972176050493
2025-03-07,loc_001,4.375880658394224,16.40927001615413
2025-03-08,loc_001,4.72729810885692,12.489033186488658
2025-03-09,loc_001,4.64669633113688,10.427040790723762
2025-03-10,loc_001,4.467384334728363,11.661205915715826
2025-03-11,loc_001,4.667827255264883,7.616529672968177
2025-03-12,loc_001,4.7510651263377435,18.052779420258172
2025-03-13,loc_001,4.635509561857475,8.022073357845743
2025-03-14,loc_001,4.761352540068833,6.918936847162229
2025-03-15,loc_001,4.659220818184536,6.271669393005146
2025-03-16,loc_001,4.594071393248608,6.542911644403088
2025-03-17,loc_001,4.484974847725839,0.0
2025-03-18,loc_001,4.651187091176067,11.165384435706747
2025-03-19,loc_001,4.69806448691377,3.9564821297333816
2025-03-20,loc_001,4.804792924044888,19.575320782883246
2025-03-21,loc_001,4.660301644052847,4.394796235292617
2025-03-22,loc_001,4.749980921035659,8.367346273405253
2025-03-23,loc_001,4.540127528812724,6.972817490090676
2025-03-24,loc_001,4.570524620730694,0.0
2025-03-25,loc_001,4.674108256447486,12.937094628148046
2025-03-26,loc_001,4.53486721867499,20.24050912448014
2025-03-27,loc_001,4.8181399709753165,4.881782242721242
2025-03-28,loc_001,4.766259517127578,2.5961697153166217
2025-03-29,loc_001,4.739986870045545,2.1597701515570074
2025-03-30,loc_001,4.749935632270012,0.0
2025-03-31,loc_001,5.002878736598588,3.5774948503758996
2025-04-01,loc_001,4.629659259488409,7.007984928066591
2025-04-02,loc_001,4.369683797560602,13.438063401442262
2025-04-03,loc_001,4.729350566359298,12.680381929199424
2025-04-04,loc_001,4.69106512755779,1.6680073405064602
2025-04-05,loc_001,4.61987273666191,2.7854160418088934
2025-04-06,loc_001,4.549166203201188,13.991242444915512
2025-04-07,loc_001,4.628247945050515,3.612288823416967
2025-04-08,loc_001,4.71910898350357,0.9197636819550645
2025-04-09,loc_001,4.613914371695765,16.14014759547418
2025-04-10,loc_001,5.0482811602103705,13.300685336405072
2025-04-11,loc_001,4.539062122711624,5.150334334194063
2025-04-12,loc_001,4.560544257969828,0.24978041777066018
2025-04-13,loc_001,4.332243423972409,0.0
2025-04-14,loc_001,4.7089353230120725,9.71762884459779
2025-04-15,loc_001,4.36408084178491,0.0
2025-04-16,loc_001,4.580607144622702,0.0
2025-04-17,loc_001,4.614814078092895,17.678564218792143
2025-04-18,loc_001,4.544002185507723,10.183742328079106
2025-04-19,loc_001,4.905248097574711,0.0
2025-04-20,loc_001,4.78719305471193,0.0
2025-04-21,loc_001,4.829183903513741,11.967694257372957
2025-04-22,loc_001,4.49189479277203,0.0
2025-04-23,loc_001,4.786157826922761,15.369198940223066
2025-04-24,loc_001,4.683549008583306,9.931674501009242
2025-04-25,loc_001,4.716811243572799,9.292772164534588
2025-04-26,loc_001,4.747141380430475,8.237563644914403
2025-04-27,loc_001,4.447712475895763,6.531606976191294
2025-04-28,loc_001,4.511359505735206,12.044089593416885
2025-04-29,loc_001,4.695058188854659,1.367357099875159
2025-04-30,loc_001,4.157671780822002,5.687615787475077
2025-05-01,loc_001,4.7730467948371675,11.015572701417565
2025-05-02,loc_001,4.618740363291031,9.503917748689023
2025-05-03,loc_001,4.5183310096007565,0.0
2025-05-04,loc_001,4.547375017187252,0.9967226615658884
2025-05-05,loc_001,4.348620282806018,7.022428043353236
2025-05-06,loc_001,4.439133533780326,1.7358823276808248
2025-05-07,loc_001,4.644888312468156,19.197268487786666
2025-05-08,loc_001,4.662479231434067,1.854774441967097
2025-05-09,loc_001,4.859853044423676,3.702252419386473
2025-05-10,loc_001,4.431691126152395,11.15544142541843
2025-05-11,loc_001,4.331077904619698,7.644261945879326
2025-05-12,loc_001,4.339531240457653,3.837804342361846
2025-05-13,loc_001,4.2504939117453056,0.0
2025-05-14,loc_001,4.3777881996271875,7.412112459174129
2025-05-15,loc_001,4.432878929405626,13.312771523027141
2025-05-16,loc_001,4.356075954331361,8.832761792785828
2025-05-17,loc_001,4.511152358978483,0.0
2025-05-18,loc_001,4.2968051020626925,18.894199655813686
2025-05-19,loc_001,4.264810493497635,0.0
2025-05-20,loc_001,4.214486365527192,0.0
2025-05-21,loc_001,4.041292449715728,12.684457795657828
2025-05-22,loc_001,4.035300497237609,6.806723828821521
2025-05-23,loc_001,4.077641687919349,0.6040116295676778
2025-05-24,loc_001,4.433555730705708,0.0
2025-05-25,loc_001,4.356237916803397,23.566398714242386
2025-05-26,loc_001,4.411586912709916,5.936726977243536
2025-05-27,loc_001,3.988694973296015,9.273609366766172
2025-05-28,loc_001,3.876213411424309,7.543080777905453
2025-05-29,loc_001,4.0552800782286695,8.478463661849263
2025-05-30,loc_001,4.163248900788725,9.320755684198447
2025-05-31,loc_001,4.194078410455498,10.85939207803901
2025-06-01,loc_001,4.2586859995301385,1.9982207939146184
2025-06-02,loc_001,4.12616919915151,2.6668641091852434
2025-06-03,loc_001,4.326791726306982,0.0
2025-06-04,loc_001,4.013697180067902,0.0
2025-06-05,loc_001,3.8916606585143247,7.168902371573719
2025-06-06,loc_001,3.7578176756393002,13.360187004021524
2025-06-07,loc_001,3.857881446864429,9.792316211009473
2025-06-08,loc_001,4.008626026135529,2.2744612489765563
2025-06-09,loc_001,3.8199415196417132,0.0
2025-06-10,loc_001,4.074567846406009,0.0
2025-06-11,loc_001,4.126583931110496,14.213871798246393
2025-06-12,loc_001,3.539852142885446,0.2861681079188019
2025-06-13,loc_001,4.0053362941976385,1.4122799503675258
2025-06-14,loc_001,3.5201147743289276,6.05259174326455
2025-06-15,loc_001,3.896501668502603,0.0
2025-06-16,loc_001,4.000129175902658,2.201742559107705
2025-06-17,loc_001,3.8061550325286593,21.187775598159792
2025-06-18,loc_001,3.5844134282960987,9.043095508618741
2025-06-19,loc_001,3.6684104178860895,7.873993252107651
2025-06-20,loc_001,3.6967606508956568,0.0
2025-06-21,loc_001,3.6883831853021833,22.948815156661123
2025-06-22,loc_001,3.6649338894112207,0.0
2025-06-23,loc_001,3.6584766194074527,20.378598043555186
2025-06-24,loc_001,3.686519820279622,0.0
2025-06-25,loc_001,3.4527047604860504,16.24292350979536
2025-06-26,loc_001,3.577141125300107,17.944434152001804
2025-06-27,loc_001,3.8206029506335115,0.0
2025-06-28,loc_001,3.514559119367574,8.380642978183062
2025-06-29,loc_001,3.485051265632157,9.379844576837321
2025-06-30,loc_001,3.6927117238296954,0.0
2025-07-01,loc_001,3.1264506963148118,0.0
2025-07-02,loc_001,3.6668783939268166,0.0
2025-07-03,loc_001,3.374232308026665,9.328065759678461
2025-07-04,loc_001,3.4729626062624512,4.319075179844754
2025-07-05,loc_001,3.4421922705492283,0.4855917335827167
2025-07-06,loc_001,3.5485064428029034,12.734144089331682
2025-07-07,loc_001,3.3464166882840587,9.064543275131822
2025-07-08,loc_001,3.2643053242192988,0.0
2025-07-09,loc_001,3.540179055654568,0.0
2025-07-10,loc_001,2.9704148911249737,9.186093909504615
2025-07-11,loc_001,3.3076817117295665,0.699333051535505
2025-07-12,loc_001,3.0820912837349574,5.793638900252019
2025-07-13,loc_001,3.149756524009225,17.61039178102174
2025-07-14,loc_001,3.5454634036917154,9.018625920598236
2025-07-15,loc_001,3.216943881754887,0.0
2025-07-16,loc_001,3.2328338379955843,6.285289518558183
2025-07-17,loc_001,2.9163669803705528,0.0
2025-07-18,loc_001,3.0543664909417365,17.86817724758979
2025-07-19,loc_001,3.1734282269811294,0.5073700031742332
2025-07-20,loc_001,3.1774852048439914,6.658165975788949
2025-07-21,loc_001,3.197242804489556,7.4618605974354555
2025-07-22,loc_001,3.0865594096327564,6.274003746989619
2025-07-23,loc_001,3.144994154392478,0.0
2025-07-24,loc_001,3.114817728650595,0.0
2025-07-25,loc_001,2.75323060636156,1.3811977954472665
2025-07-26,loc_001,3.0143237077077765,7.5554546666522455
2025-07-27,loc_001,3.105184953196441,3.8977662857138347
2025-07-28,loc_001,3.0598594318895844,0.0
2025-07-29,loc_001,2.8983331462942314,0.0
2025-07-30,loc_001,2.8137646146604585,1.7875396440052511
2025-07-31,loc_001,2.748725962821328,1.2521916425622148
2025-08-01,loc_001,2.8788517221338576,9.102691660742053
2025-08-02,loc_001,3.0506871127149355,2.389452302733455
2025-08-03,loc_001,2.5703533269834398,9.821661251434637
2025-08-04,loc_001,2.746727714291794,0.24280184223675683
2025-08-05,loc_001,2.6575225167937715,2.9523386462858534
2025-08-06,loc_001,2.9292169067008853,2.2156289628590446
2025-08-07,loc_001,2.711511253263337,0.0
2025-08-08,loc_001,2.7074554754068747,10.00094925146984
2025-08-09,loc_001,2.7291160445535096,0.0
2025-08-10,loc_001,2.812293610119218,0.8268679202350482
2025-08-11,loc_001,2.670675994393678,4.415042832414422
2025-08-12,loc_001,2.256890913129109,0.0
2025-08-13,loc_001,2.7798201466518875,2.400520333436007
2025-08-14,loc_001,2.7489283522783867,0.0
2025-08-15,loc_001,2.635131373485945,1.8947664601420033
2025-08-16,loc_001,2.4906941747705966,4.520575978631275
2025-08-17,loc_001,2.69155472019105,0.0
2025-08-18,loc_001,2.681416265126553,3.2393937614371553
2025-08-19,loc_001,2.5400286545765542,15.469350018817433
2025-08-20,loc_001,2.564290086375259,4.793611533964103
2025-08-21,loc_001,2.4438101892727007,14.162097384153798
2025-08-22,loc_001,2.5433507865464517,7.771955536054086
2025-08-23,loc_001,2.3246557721430205,1.1193284878550533
2025-08-24,loc_001,2.570443692738086,0.0
2025-08-25,loc_001,2.3170994030361203,0.5839257320684101
2025-08-26,loc_001,2.445665728807095,0.6071303380923808
2025-08-27,loc_001,2.1505417485809195,0.009899408900051476
2025-08-28,loc_001,2.2247073084294504,0.0
2025-08-29,loc_001,2.248719557151129,0.0
2025-08-30,loc_001,1.9685655673769613,1.6969117095613058
2025-08-31,loc_001,2.187624076290712,0.0
2025-09-01,loc_001,2.0664680382188667,1.57697685857784
2025-09-02,loc_001,1.8152849867848628,0.1260054610737172
2025-09-03,loc_001,1.8347631670747,0.0
2025-09-04,loc_001,2.0749445371998223,0.9980153122439982
2025-09-05,loc_001,2.0727554146349143,0.0
2025-09-06,loc_001,1.8732024336342312,0.9547671351394215
2025-09-07,loc_001,1.908593512371537,0.23375058811823235
2025-09-08,loc_001,1.8366725658244087,0.8843395968942295
2025-09-09,loc_001,1.808084934155218,0.0
2025-09-10,loc_001,1.907415495711608,1.1650808463878146
2025-09-11,loc_001,1.4446776845258853,0.8903781461304038
2025-09-12,loc_001,1.7287413362886173,0.0
2025-09-13,loc_001,1.5268528892782212,2.6143485768117936
2025-09-14,loc_001,1.507736514171376,0.9320984211203953
2025-09-15,loc_001,1.453599922971088,2.3323736564244313
2025-09-16,loc_001,1.4005699398107054,1.7802142549990074
2025-09-17,loc_001,1.2311613883388983,0.348932175825773
2025-09-18,loc_001,1.4011861783134714,0.17018259631636568
2025-09-19,loc_001,1.583268290249863,0.17723265326335902
2025-09-20,loc_001,1.2834967559852795,0.0
2025-09-21,loc_001,1.2513483411841595,0.0
2025-09-22,loc_001,1.1084512198211616,0.6974128191839766
2025-09-23,loc_001,1.1542664310410562,1.7207660487078469
2025-09-24,loc_001,1.2025065407025746,0.0
2025-09-25,loc_001,1.0380923626143275,1.2056452794904087
2025-09-26,loc_001,0.9869591199004615,0.0
2025-09-27,loc_001,1.0772748022717307,0.030943979831094117
2025-09-28,loc_001,0.8411946462332665,0.13388752456837924
2025-09-29,loc_001,0.9792352837673144,0.7974488651979948
2025-09-30,loc_001,1.0272299118565889,0.8658477173766491
2025-10-01,loc_001,1.0713503323440043,1.2698733958514763
2025-10-02,loc_001,0.8173327414305482,1.1166695683239494
2025-10-03,loc_001,0.9999171235037949,0.6945345723219933
2025-10-04,loc_001,0.9141818347284076,0.8122919548068979
2025-10-05,loc_001,0.5741862994798594,1.7708245528780262
2025-10-06,loc_001,0.5058798972721676,0.09125905501418954
2025-10-07,loc_001,0.6081327415592985,1.1197826552537298
2025-10-08,loc_001,0.7738777542203625,0.0
2025-10-09,loc_001,0.5747073425162779,0.8290673943180868
2025-10-10,loc_001,0.46181672935609885,0.11340036601671409
2025-10-11,loc_001,0.7514678969047732,0.502056945945208
2025-10-12,loc_001,0.5654679088745709,13.320689960429625
2025-10-13,loc_001,0.17849284882460048,6.3171504762111805
2025-10-14,loc_001,0.5786535477369987,12.081500329671417
2025-10-15,loc_001,0.6139293859638213,16.79011852110724
2025-10-16,loc_001,0.57495337298484,8.112751750925764
2025-10-17,loc_001,0.6141010743880375,14.368328516963906
2025-10-18,loc_001,0.542426866751266,2.3875121785663382
2025-10-19,loc_001,0.36097279999910525,4.934320941843088
2025-10-20,loc_001,0.5096787346043608,0.8190446688121762
2025-10-21,loc_001,0.43033036113628165,13.343820757171008
2025-10-22,loc_001,0.43948418879333295,8.31273083034876
2025-10-23,loc_001,0.3974897273396223,0.9421243048406192
2025-10-24,loc_001,0.6627078186359852,6.237350669170658
2025-10-25,loc_001,0.6177308359894933,13.332547110548655
2025-10-26,loc_001,0.5443586202347304,4.685856071696374
2025-10-27,loc_001,0.5230422672577493,0.0
2025-10-28,loc_001,0.6261089184953244,6.055294046299298
2025-10-29,loc_001,0.800998197284837,0.0
2025-10-30,loc_001,0.3482975965020716,11.1501651551958
2025-10-31,loc_001,0.7155838524521172,1.629379301402556
2025-11-01,loc_001,0.5876264539663685,1.245514109767146
2025-11-02,loc_001,0.3975316134200495,12.005565430236054
2025-11-03,loc_001,0.39940245076403236,0.0
2025-11-04,loc_001,0.565677724240736,20.576789142562863
2025-11-05,loc_001,0.7471545694060595,1.1580636660942134
2025-11-06,loc_001,0.7851125692881806,0.8139924529208393
2025-11-07,loc_001,0.5975194582887202,13.169797945337304
2025-11-08,loc_001,0.9034183606038539,10.669562184883413
2025-11-09,loc_001,0.9770925031924855,24.60983775260061
2025-11-10,loc_001,0.8361151954827581,3.31035213094784
2025-11-11,loc_001,0.7013226296545085,4.036746890684722
2025-11-12,loc_001,0.9722963724406883,0.0
2025-11-13,loc_001,0.9308089267927178,2.343181781209399
2025-11-14,loc_001,0.9617382657481419,0.0
2025-11-15,loc_001,0.7475425020161401,1.4098638951560067
2025-11-16,loc_001,0.4354668317468182,0.0
2025-11-17,loc_001,1.1930553325541513,18.284860479156112
2025-11-18,loc_001,0.6490358968829748,0.0
2025-11-19,loc_001,0.9006732473302328,0.0
2025-11-20,loc_001,1.278756329440984,0.0
2025-11-21,loc_001,0.987067752372943,0.16928357763079216
2025-11-22,loc_001,1.0959308729046937,0.0
2025-11-23,loc_001,0.7444682704545917,13.786428325860099
2025-11-24,loc_001,0.7196779324370282,3.897286571231249
2025-11-25,loc_001,0.9231342530585052,5.203084835251672
2025-11-26,loc_001,1.1835703526158337,9.883134114443301
2025-11-27,loc_001,0.9851402070517599,7.288100215824944
2025-11-28,loc_001,0.9351983459933153,12.828538379568343
2025-11-29,loc_001,1.101596364653085,0.0
2025-11-30,loc_001,1.2518851501490638,0.6198551945645461
2025-12-01,loc_001,2.690728309947021,10.327737168556302
2025-12-02,loc_001,2.7439379427425505,0.0
2025-12-03,loc_001,2.8254392867401736,0.0
2025-12-04,loc_001,3.126320546118321,9.007937857439572
2025-12-05,loc_001,3.0158925178317917,1.1580077200405965
2025-12-06,loc_001,3.3191906884507865,12.48886040087758
2025-12-07,loc_001,3.1586812718274997,11.473442374825302
2025-12-08,loc_001,3.0319396359772206,0.0
2025-12-09,loc_001,3.246092224244507,8.253256699735049
2025-12-10,loc_001,3.107313205298135,14.613582845340051
2025-12-11,loc_001,2.989234317610947,6.179475213207775
2025-12-12,loc_001,3.216472632605927,0.0
2025-12-13,loc_001,3.0296455323332903,12.035119535306961
2025-12-14,loc_001,3.110261515422689,10.083396212431964
2025-12-15,loc_001,3.37281761535277,9.34088626799037
2025-12-16,loc_001,3.1783838229279655,10.727511147495933
2025-12-17,loc_001,3.0931214726916156,0.0
2025-12-18,loc_001,3.164043530679677,12.047500488647772
2025-12-19,loc_001,3.407143187995958,19.465054484631803
2025-12-20,loc_001,3.191246847175597,8.493107797034344
2025-12-21,loc_001,3.23641759995463,6.541831971997815
2025-12-22,loc_001,3.2382855042578185,10.571509387131513
2025-12-23,loc_001,3.3628542976151286,7.705803789480923
2025-12-24,loc_001,3.2979268820644356,10.214250093604928
2025-12-25,loc_001,3.1360025557171967,5.011768001963286
2025-12-26,loc_001,3.2637651002383077,0.0
2025-12-27,loc_001,3.2775187316112504,0.0
2025-12-28,loc_001,3.624554307000368,0.0
2025-12-29,loc_001,3.5805951723690614,0.0
2025-12-30,loc_001,3.5674328795229715,0.0
